title,feature,feedback_type,summary,url
Galaxy S24 vs Pixel 8 Pro vs NOTHING 3a Pro,camera,better_than_competitor,"Pixel 8 Pro has the best camera, S24 second, NOTHING last",https://www.reddit.com/r/Smartphones/comments/1jvus3f/galaxy_s24_vs_pixel_8_pro_vs_nothing_3a_pro/
Galaxy S24 vs Pixel 8 Pro vs NOTHING 3a Pro,battery,worse_than_competitor,S24 Exynos version criticized for poor battery life,https://www.reddit.com/r/Smartphones/comments/1jvus3f/galaxy_s24_vs_pixel_8_pro_vs_nothing_3a_pro/
Galaxy S24 vs Pixel 8 Pro vs NOTHING 3a Pro,performance,neutral,"Mixed feedback, with Snapdragon preference for S24",https://www.reddit.com/r/Smartphones/comments/1jvus3f/galaxy_s24_vs_pixel_8_pro_vs_nothing_3a_pro/
Galaxy S24 vs Pixel 8 Pro vs NOTHING 3a Pro,software,very_good_feature,Samsung's UI praised for customization and efficiency,https://www.reddit.com/r/Smartphones/comments/1jvus3f/galaxy_s24_vs_pixel_8_pro_vs_nothing_3a_pro/
Galaxy S24 vs Pixel 8 Pro vs NOTHING 3a Pro,design,neutral,Design not explicitly mentioned but implied in brand preferences,https://www.reddit.com/r/Smartphones/comments/1jvus3f/galaxy_s24_vs_pixel_8_pro_vs_nothing_3a_pro/
Galaxy S24 vs Pixel 8 Pro vs NOTHING 3a Pro,display,missing_feature,Display quality not directly discussed,https://www.reddit.com/r/Smartphones/comments/1jvus3f/galaxy_s24_vs_pixel_8_pro_vs_nothing_3a_pro/
Galaxy S24 vs Pixel 8 Pro vs NOTHING 3a Pro,price,better_than_competitor,NOTHING 3a considered for its lower price point,https://www.reddit.com/r/Smartphones/comments/1jvus3f/galaxy_s24_vs_pixel_8_pro_vs_nothing_3a_pro/
Galaxy S24 vs Pixel 8 Pro vs NOTHING 3a Pro,audio,missing_feature,Audio capabilities not mentioned,https://www.reddit.com/r/Smartphones/comments/1jvus3f/galaxy_s24_vs_pixel_8_pro_vs_nothing_3a_pro/
Is the nothing phone 3a really made for me,design,very_good_feature,"Unique identity, feels like a flagship",https://www.reddit.com/r/Smartphones/comments/1jlr444/is_the_nothing_phone_3a_really_made_for_me/
Is the nothing phone 3a really made for me,camera,neutral,"Decent, not a major upgrade in Pro version",https://www.reddit.com/r/Smartphones/comments/1jlr444/is_the_nothing_phone_3a_really_made_for_me/
Is the nothing phone 3a really made for me,performance,very_good_feature,"Good enough for Play Store games, smooth OS",https://www.reddit.com/r/Smartphones/comments/1jlr444/is_the_nothing_phone_3a_really_made_for_me/
Is the nothing phone 3a really made for me,battery,very_good_feature,"Lasts around 1.5 days, very good",https://www.reddit.com/r/Smartphones/comments/1jlr444/is_the_nothing_phone_3a_really_made_for_me/
Is the nothing phone 3a really made for me,software,worse_than_competitor,Short-lived support compared to Pixel,https://www.reddit.com/r/Smartphones/comments/1jlr444/is_the_nothing_phone_3a_really_made_for_me/
Is the nothing phone 3a really made for me,price,neutral,"Flagship-like at a lower price, value questioned",https://www.reddit.com/r/Smartphones/comments/1jlr444/is_the_nothing_phone_3a_really_made_for_me/
Is the nothing phone 3a really made for me,audio,missing_feature,Audio quality not mentioned,https://www.reddit.com/r/Smartphones/comments/1jlr444/is_the_nothing_phone_3a_really_made_for_me/
Is the nothing phone 3a really made for me,display,missing_feature,Display quality not explicitly mentioned,https://www.reddit.com/r/Smartphones/comments/1jlr444/is_the_nothing_phone_3a_really_made_for_me/
Nothing Phone 3(a) or Google Pixel 8a? (or maybe another one),design,very_good_feature,Loved Nothing's UI and esthetics,https://www.reddit.com/r/Smartphones/comments/1j3mh4h/nothing_phone_3a_or_google_pixel_8a_or_maybe/
Nothing Phone 3(a) or Google Pixel 8a? (or maybe another one),camera,neutral,Needs improvement but usable with Gcam,https://www.reddit.com/r/Smartphones/comments/1j3mh4h/nothing_phone_3a_or_google_pixel_8a_or_maybe/
Nothing Phone 3(a) or Google Pixel 8a? (or maybe another one),performance,neutral,"Concerns about UFS 2.2, but good GPU on NP3a",https://www.reddit.com/r/Smartphones/comments/1j3mh4h/nothing_phone_3a_or_google_pixel_8a_or_maybe/
Nothing Phone 3(a) or Google Pixel 8a? (or maybe another one),software,better_than_competitor,Prefers Nothing OS over stock Android,https://www.reddit.com/r/Smartphones/comments/1j3mh4h/nothing_phone_3a_or_google_pixel_8a_or_maybe/
Nothing Phone 3(a) or Google Pixel 8a? (or maybe another one),display,worse_than_competitor,NP3a's larger size is a downside,https://www.reddit.com/r/Smartphones/comments/1j3mh4h/nothing_phone_3a_or_google_pixel_8a_or_maybe/
Nothing Phone 3(a) or Google Pixel 8a? (or maybe another one),price,very_good_feature,NP3a considered good value for money,https://www.reddit.com/r/Smartphones/comments/1j3mh4h/nothing_phone_3a_or_google_pixel_8a_or_maybe/
Nothing Phone 3(a) or Google Pixel 8a? (or maybe another one),audio,missing_feature,No specific mention of audio quality or features,https://www.reddit.com/r/Smartphones/comments/1j3mh4h/nothing_phone_3a_or_google_pixel_8a_or_maybe/
Nothing Phone 3(a) or Google Pixel 8a? (or maybe another one),battery,missing_feature,No detailed info on battery performance,https://www.reddit.com/r/Smartphones/comments/1j3mh4h/nothing_phone_3a_or_google_pixel_8a_or_maybe/
iPhone 16 or Nothing phone 3a?,camera,worse_than_competitor,Inferior to iPhone 13 Pro,https://www.reddit.com/r/Smartphones/comments/1j8a2jt/iphone_16_or_nothing_phone_3a/
iPhone 16 or Nothing phone 3a?,performance,worse_than_competitor,Not on par with iPhone 13 Pro,https://www.reddit.com/r/Smartphones/comments/1j8a2jt/iphone_16_or_nothing_phone_3a/
iPhone 16 or Nothing phone 3a?,price,neutral,More affordable than iPhone 16 but a factor in decision,https://www.reddit.com/r/Smartphones/comments/1j8a2jt/iphone_16_or_nothing_phone_3a/
iPhone 16 or Nothing phone 3a?,design,neutral,Preference for smaller size mentioned,https://www.reddit.com/r/Smartphones/comments/1j8a2jt/iphone_16_or_nothing_phone_3a/
iPhone 16 or Nothing phone 3a?,battery,neutral,Suggestion to replace iPhone 13 Pro battery,https://www.reddit.com/r/Smartphones/comments/1j8a2jt/iphone_16_or_nothing_phone_3a/
Nothing phone 3A or Samsung Galaxy A55 ?,design,very_good_feature,3A looks gorgeous,https://www.reddit.com/r/Smartphones/comments/1jldk0a/nothing_phone_3a_or_samsung_galaxy_a55/
Nothing phone 3A or Samsung Galaxy A55 ?,camera,better_than_competitor,A55 has the better camera,https://www.reddit.com/r/Smartphones/comments/1jldk0a/nothing_phone_3a_or_samsung_galaxy_a55/
Nothing phone 3A or Samsung Galaxy A55 ?,performance,worse_than_competitor,3a criticized for slower processor,https://www.reddit.com/r/Smartphones/comments/1jldk0a/nothing_phone_3a_or_samsung_galaxy_a55/
Nothing phone 3A or Samsung Galaxy A55 ?,battery,neutral,3A mentioned for longer battery but no comparison,https://www.reddit.com/r/Smartphones/comments/1jldk0a/nothing_phone_3a_or_samsung_galaxy_a55/
Nothing phone 3A or Samsung Galaxy A55 ?,software,better_than_competitor,3a preferred for less bloatware,https://www.reddit.com/r/Smartphones/comments/1jldk0a/nothing_phone_3a_or_samsung_galaxy_a55/
Nothing phone 3A or Samsung Galaxy A55 ?,price,neutral,"A55 costs 55 euro less, but 3a cheaper for some",https://www.reddit.com/r/Smartphones/comments/1jldk0a/nothing_phone_3a_or_samsung_galaxy_a55/
Nothing Phone (3a) Pro review,design,neutral,"Design opinions vary, subjective preferences noted",https://www.gsmarena.com/nothing_phone_3a_pro-review-2809.php
Nothing Phone (3a) Pro review,camera,worse_than_competitor,"Lacks 4k60 support, poor saturation, and photo quality issues",https://www.gsmarena.com/nothing_phone_3a_pro-review-2809.php
Nothing Phone (3a) Pro review,performance,worse_than_competitor,"Chipset underperforms compared to competitors, not power efficient",https://www.gsmarena.com/nothing_phone_3a_pro-review-2809.php
Nothing Phone (3a) Pro review,battery,neutral,"No increase in capacity or advanced technology, but some find battery life acceptable",https://www.gsmarena.com/nothing_phone_3a_pro-review-2809.php
Nothing Phone (3a) Pro review,software,neutral,"Some complaints about bugs, but also praise for smooth operation and no bloatware",https://www.gsmarena.com/nothing_phone_3a_pro-review-2809.php
Nothing Phone (3a) Pro review,display,missing_feature,"No specific mentions, implying neutrality or lack of standout features",https://www.gsmarena.com/nothing_phone_3a_pro-review-2809.php
Nothing Phone (3a) Pro review,price,worse_than_competitor,Considered too high for the offered specs and features,https://www.gsmarena.com/nothing_phone_3a_pro-review-2809.php
Nothing Phone (3a) Pro review,audio,missing_feature,"No mentions, suggesting no significant issues or praises",https://www.gsmarena.com/nothing_phone_3a_pro-review-2809.php
Nothing Phone (3a) and (3a) Pro announced with SD7s Gen 3 and telephoto cameras -GSMArena,design,very_good_feature,Striking design with distinct glyph interface preferred,https://www.gsmarena.com/nothing_phone_3a_and_3a_pro_announced_with_sd7s_gen_3_and_telephoto_cameras-news-66782.php
Nothing Phone (3a) and (3a) Pro announced with SD7s Gen 3 and telephoto cameras -GSMArena,camera,neutral,Mixed feelings about triple setup and periscope zoom,https://www.gsmarena.com/nothing_phone_3a_and_3a_pro_announced_with_sd7s_gen_3_and_telephoto_cameras-news-66782.php
Nothing Phone (3a) and (3a) Pro announced with SD7s Gen 3 and telephoto cameras -GSMArena,performance,worse_than_competitor,"Chipset on par with older models, considered midrange for 2022",https://www.gsmarena.com/nothing_phone_3a_and_3a_pro_announced_with_sd7s_gen_3_and_telephoto_cameras-news-66782.php
Nothing Phone (3a) and (3a) Pro announced with SD7s Gen 3 and telephoto cameras -GSMArena,battery,missing_feature,"No charger in box, slow charging mentioned",https://www.gsmarena.com/nothing_phone_3a_and_3a_pro_announced_with_sd7s_gen_3_and_telephoto_cameras-news-66782.php
Nothing Phone (3a) and (3a) Pro announced with SD7s Gen 3 and telephoto cameras -GSMArena,software,neutral,"AI software development caused delay, mixed feelings on UI",https://www.gsmarena.com/nothing_phone_3a_and_3a_pro_announced_with_sd7s_gen_3_and_telephoto_cameras-news-66782.php
Nothing Phone (3a) and (3a) Pro announced with SD7s Gen 3 and telephoto cameras -GSMArena,display,neutral,"Significant colour shifting between lenses, lacks 4K in certain modes",https://www.gsmarena.com/nothing_phone_3a_and_3a_pro_announced_with_sd7s_gen_3_and_telephoto_cameras-news-66782.php
Nothing Phone (3a) and (3a) Pro announced with SD7s Gen 3 and telephoto cameras -GSMArena,price,neutral,3a Pro considered not worth the higher price over 3a,https://www.gsmarena.com/nothing_phone_3a_and_3a_pro_announced_with_sd7s_gen_3_and_telephoto_cameras-news-66782.php
Nothing Phone (3a) and (3a) Pro announced with SD7s Gen 3 and telephoto cameras -GSMArena,audio,missing_feature,No mention of audio quality or features,https://www.gsmarena.com/nothing_phone_3a_and_3a_pro_announced_with_sd7s_gen_3_and_telephoto_cameras-news-66782.php
Nothing Phone 3a & 3a Pro Complete Official Renders Leak,design,neutral,Mixed opinions on design uniqueness and camera module aesthetics.,https://www.androidheadlines.com/2025/02/exclusive-nothing-phone-3a-3a-pro-complete-official-renders-leak.html
Nothing Phone 3a & 3a Pro Complete Official Renders Leak,camera,missing_feature,Criticism for low 8MP sensor and bulky mechanical rotation mechanism.,https://www.androidheadlines.com/2025/02/exclusive-nothing-phone-3a-3a-pro-complete-official-renders-leak.html
Nothing Phone 3a & 3a Pro Complete Official Renders Leak,performance,neutral,Performance not explicitly detailed but implied concerns over long-term viability.,https://www.androidheadlines.com/2025/02/exclusive-nothing-phone-3a-3a-pro-complete-official-renders-leak.html
Nothing Phone 3a & 3a Pro Complete Official Renders Leak,battery,unuseful_feature,Suggestions for longer battery life without frequent charging.,https://www.androidheadlines.com/2025/02/exclusive-nothing-phone-3a-3a-pro-complete-official-renders-leak.html
Nothing Phone 3a & 3a Pro Complete Official Renders Leak,software,worse_than_competitor,UI design criticized as basic and unappealing compared to competitors.,https://www.androidheadlines.com/2025/02/exclusive-nothing-phone-3a-3a-pro-complete-official-renders-leak.html
Nothing Phone 3a & 3a Pro Complete Official Renders Leak,display,neutral,6.77-inch 120Hz display mentioned without explicit positive or negative feedback.,https://www.androidheadlines.com/2025/02/exclusive-nothing-phone-3a-3a-pro-complete-official-renders-leak.html
Nothing Phone 3a & 3a Pro Complete Official Renders Leak,price,worse_than_competitor,Considered overpriced in some markets and not offering value for money.,https://www.androidheadlines.com/2025/02/exclusive-nothing-phone-3a-3a-pro-complete-official-renders-leak.html
Nothing Phone 3a & 3a Pro Complete Official Renders Leak,audio,missing_feature,No explicit mentions or feedback regarding audio features.,https://www.androidheadlines.com/2025/02/exclusive-nothing-phone-3a-3a-pro-complete-official-renders-leak.html
Nothing Phone (3a) review,design,very_good_feature,Eye-catching with new glass back,https://gsmarena.com/nothing_phone_3a-review-2811.php
Nothing Phone (3a) review,camera,very_good_feature,Great all-around performance,https://gsmarena.com/nothing_phone_3a-review-2811.php
Nothing Phone (3a) review,performance,very_good_feature,"Very good, zero thermal throttling",https://gsmarena.com/nothing_phone_3a-review-2811.php
Nothing Phone (3a) review,battery,neutral,Concerns about battery life and charging time,https://gsmarena.com/nothing_phone_3a-review-2811.php
Nothing Phone (3a) review,software,very_good_feature,Unique design and aesthetic with custom bits,https://gsmarena.com/nothing_phone_3a-review-2811.php
Nothing Phone (3a) review,display,very_good_feature,"Bright OLED, 120Hz refresh rate, HDR support",https://gsmarena.com/nothing_phone_3a-review-2811.php
Nothing Phone (3a) review,price,better_than_competitor,"Competitive launch pricing, especially in Brunei",https://gsmarena.com/nothing_phone_3a-review-2811.php
Nothing Phone (3a) review,audio,very_good_feature,Very loud speakers,https://gsmarena.com/nothing_phone_3a-review-2811.php
"Nothing Phone (3a) is coming March 4 with 50MP 3x camera, bigger 50MP main",design,very_good_feature,Users love the design of Nothing phones.,https://www.gsmarena.com/nothing_phone_3a_is_coming_march_4_with_50mp_3x_camera_bigger_50mp_main-news-66595.php
"Nothing Phone (3a) is coming March 4 with 50MP 3x camera, bigger 50MP main",camera,neutral,Mixed reactions to camera comparisons and features.,https://www.gsmarena.com/nothing_phone_3a_is_coming_march_4_with_50mp_3x_camera_bigger_50mp_main-news-66595.php
"Nothing Phone (3a) is coming March 4 with 50MP 3x camera, bigger 50MP main",performance,neutral,Debate on the necessity of high power for average use.,https://www.gsmarena.com/nothing_phone_3a_is_coming_march_4_with_50mp_3x_camera_bigger_50mp_main-news-66595.php
"Nothing Phone (3a) is coming March 4 with 50MP 3x camera, bigger 50MP main",battery,missing_feature,Lack of silicon carbide tech criticized.,https://www.gsmarena.com/nothing_phone_3a_is_coming_march_4_with_50mp_3x_camera_bigger_50mp_main-news-66595.php
"Nothing Phone (3a) is coming March 4 with 50MP 3x camera, bigger 50MP main",software,worse_than_competitor,"Software issues, particularly with the watch.",https://www.gsmarena.com/nothing_phone_3a_is_coming_march_4_with_50mp_3x_camera_bigger_50mp_main-news-66595.php
"Nothing Phone (3a) is coming March 4 with 50MP 3x camera, bigger 50MP main",price,better_than_competitor,Competitive pricing strategy appreciated.,https://www.gsmarena.com/nothing_phone_3a_is_coming_march_4_with_50mp_3x_camera_bigger_50mp_main-news-66595.php
"Nothing Phone (3a) is coming March 4 with 50MP 3x camera, bigger 50MP main",audio,neutral,Good sound but issues with durability.,https://www.gsmarena.com/nothing_phone_3a_is_coming_march_4_with_50mp_3x_camera_bigger_50mp_main-news-66595.php
Comparison of iphone 16 pro Max and the unreleased nothing phone 3a,camera,neutral,Mixed reviews on photo quality and video stabilization compared to iPhone,https://www.reddit.com/gallery/1isbvyu
Comparison of iphone 16 pro Max and the unreleased nothing phone 3a,price,very_good_feature,"Significantly cheaper than iPhone, good value for price",https://www.reddit.com/gallery/1isbvyu
Comparison of iphone 16 pro Max and the unreleased nothing phone 3a,design,neutral,"No specific feedback, implied comparisons with iPhone design",https://www.reddit.com/gallery/1isbvyu
Comparison of iphone 16 pro Max and the unreleased nothing phone 3a,performance,neutral,"No explicit mentions, but performance inferred in comparison discussions",https://www.reddit.com/gallery/1isbvyu
Comparison of iphone 16 pro Max and the unreleased nothing phone 3a,battery,neutral,No direct mentions or comparisons made,https://www.reddit.com/gallery/1isbvyu
Comparison of iphone 16 pro Max and the unreleased nothing phone 3a,software,neutral,No specific feedback given,https://www.reddit.com/gallery/1isbvyu
Comparison of iphone 16 pro Max and the unreleased nothing phone 3a,display,neutral,"Indirect mention of previous models' issues, no specific 3a feedback",https://www.reddit.com/gallery/1isbvyu
Comparison of iphone 16 pro Max and the unreleased nothing phone 3a,audio,neutral,No comments or feedback provided,https://www.reddit.com/gallery/1isbvyu
What your thoughts on Phone (3a) having 7s Gen 3,design,neutral,"Mixed feelings on 6.8 inch size, some find it too large",https://www.reddit.com/gallery/1ibz3jc
What your thoughts on Phone (3a) having 7s Gen 3,camera,worse_than_competitor,"8mp ultrawide seen as embarrassing, Realme GT6 has better camera",https://www.reddit.com/gallery/1ibz3jc
What your thoughts on Phone (3a) having 7s Gen 3,performance,neutral,7s Gen 3 good but Snapdragon preferred for driver support and games,https://www.reddit.com/gallery/1ibz3jc
What your thoughts on Phone (3a) having 7s Gen 3,battery,better_than_competitor,Nord 4 praised for monster battery life and fast charging,https://www.reddit.com/gallery/1ibz3jc
What your thoughts on Phone (3a) having 7s Gen 3,software,neutral,Expectations for smooth UI and custom ROM support,https://www.reddit.com/gallery/1ibz3jc
What your thoughts on Phone (3a) having 7s Gen 3,display,worse_than_competitor,"Low quality on low brightness, Nord 4 has low screen brightness",https://www.reddit.com/gallery/1ibz3jc
What your thoughts on Phone (3a) having 7s Gen 3,price,neutral,Speculation on pricing based on chipset and features,https://www.reddit.com/gallery/1ibz3jc
What your thoughts on Phone (3a) having 7s Gen 3,audio,missing_feature,No specific mentions or feedback on audio capabilities,https://www.reddit.com/gallery/1ibz3jc
Have you ever seen people using Nothing Phone?,design,very_good_feature,"Unique and recognizable, gaining attention and interest",https://www.reddit.com/r/NothingTech/comments/1j4pwrw/have_you_ever_seen_people_using_nothing_phone/
Have you ever seen people using Nothing Phone?,audio,very_good_feature,"High satisfaction with Nothing ear (2024), indicating good audio quality",https://www.reddit.com/r/NothingTech/comments/1j4pwrw/have_you_ever_seen_people_using_nothing_phone/
Have you ever seen people using Nothing Phone?,software,neutral,"No specific mentions, but implied satisfaction through brand loyalty and purchase intent",https://www.reddit.com/r/NothingTech/comments/1j4pwrw/have_you_ever_seen_people_using_nothing_phone/
Have you ever seen people using Nothing Phone?,price,neutral,"No direct comments, but interest in purchasing suggests acceptance",https://www.reddit.com/r/NothingTech/comments/1j4pwrw/have_you_ever_seen_people_using_nothing_phone/
"Got the 256GB Phone (3a) and the Nothing Ear (a) to match! Bye, Samsung ðŸ’›",design,neutral,Preference for smaller size and rounded edges; likes color options,https://i.redd.it/mrq75inieyqe1.jpeg
"Got the 256GB Phone (3a) and the Nothing Ear (a) to match! Bye, Samsung ðŸ’›",camera,very_good_feature,PALMA mode impresses with vibrant photos,https://i.redd.it/mrq75inieyqe1.jpeg
"Got the 256GB Phone (3a) and the Nothing Ear (a) to match! Bye, Samsung ðŸ’›",performance,very_good_feature,"Smooth performance, users enjoy switching from Samsung",https://i.redd.it/mrq75inieyqe1.jpeg
"Got the 256GB Phone (3a) and the Nothing Ear (a) to match! Bye, Samsung ðŸ’›",battery,very_good_feature,"Lasts 1.5 days, impressive during heavy use",https://i.redd.it/mrq75inieyqe1.jpeg
"Got the 256GB Phone (3a) and the Nothing Ear (a) to match! Bye, Samsung ðŸ’›",software,better_than_competitor,"OS smoother than Samsung's, though missing some features",https://i.redd.it/mrq75inieyqe1.jpeg
"Got the 256GB Phone (3a) and the Nothing Ear (a) to match! Bye, Samsung ðŸ’›",price,neutral,Mixed feelings about price compared to features and competition,https://i.redd.it/mrq75inieyqe1.jpeg
"Got the 256GB Phone (3a) and the Nothing Ear (a) to match! Bye, Samsung ðŸ’›",audio,very_good_feature,"Great sound quality, some discomfort with ear tip shape",https://i.redd.it/mrq75inieyqe1.jpeg
My Nothing Phone(3) Wishlist,design,missing_feature,"Desires all-screen design, no punch hole, and ergonomic fingerprint sensor placement",https://i.redd.it/di75g0ifocoe1.png
My Nothing Phone(3) Wishlist,camera,missing_feature,Requests improvements in shutter lag and low-light performance,https://i.redd.it/di75g0ifocoe1.png
My Nothing Phone(3) Wishlist,performance,missing_feature,Wants Snapdragon 8 elite or at least 8 Gen 3 chip,https://i.redd.it/di75g0ifocoe1.png
My Nothing Phone(3) Wishlist,battery,missing_feature,Asks for 6000mAh silicon battery with fast charging,https://i.redd.it/di75g0ifocoe1.png
My Nothing Phone(3) Wishlist,software,missing_feature,Seeks better Nothing OS experience and 4+ years of updates,https://i.redd.it/di75g0ifocoe1.png
My Nothing Phone(3) Wishlist,display,missing_feature,"Wants AR coating, HDR in Netflix, and non-reflective screen",https://i.redd.it/di75g0ifocoe1.png
My Nothing Phone(3) Wishlist,price,neutral,Budget is 50 to 60k; concerns about high price for flagship specs,https://i.redd.it/di75g0ifocoe1.png
My Nothing Phone(3) Wishlist,audio,missing_feature,Requests dual Bluetooth connectivity and 3.5mm jack,https://i.redd.it/di75g0ifocoe1.png
